Timestamp,acc.z,ext_pos.Z,pwm.m1_pwm,pwm.m2_pwm,pwm.m3_pwm,pwm.m4_pwm
211607,0.9996767640113831,0.0,0,0,0,0
211707,1.0023518800735474,0.0,0,0,0,0
211807,1.0001249313354492,0.0,0,0,0,0
211907,0.9975519776344299,0.0,0,0,0,0
212007,0.9997422695159912,0.0,0,0,0,0
212107,0.9997177124023438,0.0,0,0,0,0
212207,1.0006929636001587,0.0,0,0,0,0
212307,1.0015772581100464,0.0,0,0,0,0
212407,0.9989355802536011,0.0,0,0,0,0
212507,1.0001542568206787,0.0,0,0,0,0
212607,0.9971070885658264,0.0,0,0,0,0
212707,0.9981659054756165,0.0,0,0,0,0
212807,0.9976986646652222,0.0,0,0,0,0
212907,0.998538613319397,0.0,0,0,0,0
213007,1.0016722679138184,0.0,0,0,0,0
213107,0.9978477954864502,0.0,0,0,0,0
213207,0.9996820688247681,0.0,0,0,0,0
213307,0.9983669519424438,0.0,0,0,0,0
213407,0.9991856217384338,0.0,0,0,0,0
213507,0.9995834231376648,0.0,0,0,0,0
213607,0.9982559680938721,0.0,0,0,0,0
213707,1.0003485679626465,0.0,0,0,0,0
213807,0.9996485710144043,0.0,0,0,0,0
213907,0.9991441965103149,0.0,0,0,0,0
214007,0.9985093474388123,0.0,0,0,0,0
214107,0.9983394742012024,0.0,0,0,0,0
214207,0.9999094009399414,0.0,0,0,0,0
214307,0.9977136254310608,0.0,0,0,0,0
214407,0.9992279410362244,0.0,0,0,0,0
214507,0.999169111251831,0.0,0,0,0,0
214607,1.0000723600387573,0.0,0,0,0,0
214707,0.9968374371528625,0.0,0,0,0,0
214807,0.9995723962783813,0.0,0,0,0,0
214907,1.0022928714752197,0.0,0,0,0,0
215007,0.9999693632125854,0.0,0,0,0,0
215107,0.9967470765113831,0.0,0,0,0,0
215207,0.9988506436347961,0.0,0,0,0,0
215307,0.9992719292640686,0.0,0,0,0,0
215407,1.0001929998397827,0.0,0,0,0,0
215507,1.0015958547592163,0.0,0,0,0,0
215607,0.9969022274017334,0.0,0,0,0,0
215707,1.0012930631637573,0.0,0,0,0,0
215807,0.998254656791687,0.0,0,0,0,0
215907,1.0009464025497437,0.0,0,0,0,0
216007,0.99899822473526,0.0,0,0,0,0
216107,1.000557780265808,0.0,0,0,0,0
216207,1.0006922483444214,0.0,0,0,0,0
216307,1.000499963760376,0.0,0,0,0,0
216407,0.9991081357002258,0.0,0,0,0,0
216507,1.000770926475525,0.0,0,0,0,0
216607,1.0006630420684814,0.0,0,0,0,0
216707,1.0014634132385254,0.0,0,0,0,0
216807,1.00222647190094,0.0,0,0,0,0
216907,1.0006299018859863,0.0,0,0,0,0
217007,1.00136399269104,0.0,0,0,0,0
217107,0.9978455901145935,0.0,0,0,0,0
217207,1.0014599561691284,0.0,0,0,0,0
217307,0.9998283982276917,0.0,0,0,0,0
217407,0.9989237785339355,0.0,0,0,0,0
217507,0.9997536540031433,0.0,0,0,0,0
217607,0.9988487958908081,0.0,0,0,0,0
217707,0.9984832406044006,0.0,0,0,0,0
217807,1.0004453659057617,0.0,0,0,0,0
217907,1.0009090900421143,0.0,0,0,0,0
218007,0.9984152913093567,0.0,0,0,0,0
218107,0.998025119304657,0.0,0,0,0,0
218207,1.0004328489303589,0.0,0,0,0,0
218307,1.000401258468628,0.0,0,0,0,0
218407,1.0007883310317993,0.0,0,0,0,0
218507,1.0008548498153687,0.0,0,0,0,0
218607,0.9990911483764648,0.0,0,0,0,0
218707,0.9985389709472656,0.0,0,0,0,0
218807,0.9994014501571655,0.0,0,0,0,0
218907,0.9981885552406311,0.0,0,0,0,0
219007,0.9991785883903503,0.0,0,0,0,0
219107,0.9984544515609741,0.0,0,0,0,0
219207,0.9998891949653625,0.0,0,0,0,0
219307,1.0003999471664429,0.0,0,0,0,0
219407,0.9985948204994202,0.0,0,0,0,0
219507,1.0008277893066406,0.0,0,0,0,0
219607,0.9991719126701355,0.0,0,0,0,0
219707,0.9927849769592285,0.0,22965,21453,25300,25343
219807,0.9927995800971985,0.0,26565,24039,26555,28568
219907,1.008049488067627,0.0,27722,26123,29484,30726
220007,1.0334560871124268,0.0,34093,32131,36521,36510
220107,1.1270103454589844,0.0,48203,48633,51560,48875
220207,1.107237696647644,0.0,52394,57653,59884,56788
220307,1.1952279806137085,0.0,50707,55175,58671,55104
220407,1.144486665725708,0.0,52400,53822,58489,53085
220507,1.0328835248947144,0.0,54073,47906,57949,52746
220607,1.0440949201583862,0.0,56693,51676,58854,51952
220707,1.0363199710845947,0.0,55545,50524,58763,52841
220807,1.0371330976486206,0.0,54683,50737,58489,52515
220907,1.0398603677749634,0.0,56601,52305,58947,52819
221007,1.0729395151138306,0.0,56618,51797,59039,54821
221107,1.0828404426574707,0.0,57172,52983,59411,54924
221207,1.0875918865203857,0.0,57763,54439,59884,55130
221307,1.0929936170578003,0.0,56176,53431,59599,55939
221407,1.0680042505264282,0.0,54743,52266,58947,55427
221507,1.0374946594238281,0.0,54887,53011,58947,53276
221607,1.0275464057922363,0.0,55131,53296,59039,52725
221707,1.0278764963150024,0.0,55948,52972,59039,53018
221807,1.016581654548645,0.0,55672,50984,59039,54987
221907,1.0254857540130615,0.0,56273,52803,59411,53878
222007,1.0400704145431519,0.0,56073,53411,59599,54386
222107,1.0387091636657715,0.0,55431,53051,59694,55239
222207,1.0323729515075684,0.0,56637,53195,59884,55753
222307,1.0235285758972168,0.0,56084,53386,59694,55335
222407,1.0310057401657104,0.0,54678,52039,59132,53724
222507,1.0158991813659668,0.0,55507,52390,59599,53902
222607,0.9521719217300415,0.0,49658,46208,55055,45945
222707,0.914755642414093,0.0,50447,45174,52412,48364
222807,0.8364040851593018,0.0,47906,47046,52682,50770
222907,0.9089377522468567,0.0,51189,52104,54576,50166
223007,0.9999446868896484,0.0,56099,57058,61148,58913
223107,1.0715830326080322,0.0,53970,56192,60267,55629
223207,1.0314536094665527,0.0,52987,51498,58854,53392
223307,1.0123649835586548,0.0,51742,48012,58489,50016
223407,0.8378224968910217,0.0,48729,35556,48986,40489
223507,0.7699266076087952,0.0,40616,36713,46740,44967
223607,0.6967704892158508,0.0,43197,36760,40117,42071
223707,0.7212333679199219,0.0,39191,37712,39504,39204
223807,0.75327068567276,0.0,36843,37613,40582,41110
223907,0.6666972637176514,0.0,43303,41029,46409,45150
224007,0.7991558313369751,0.0,50682,50588,56753,53600
224107,0.9746258854866028,0.0,54018,53121,60631,56277
224207,1.0288326740264893,0.0,53194,51965,60171,54713
224307,1.0263702869415283,0.0,55379,52574,60616,55051
224407,1.0594422817230225,0.0,54382,51593,59229,53989
224507,1.0559855699539185,0.0,52878,51268,60075,55350
224607,1.0610284805297852,0.0,54294,52145,60364,54428
224707,1.031604290008545,0.0,55030,50826,58489,52829
224807,1.0187186002731323,0.0,53982,50146,59828,54069
224907,1.0600404739379883,0.0,53776,51167,58932,53075
225007,1.0075668096542358,0.0,54500,50127,58903,54489
225107,1.0537364482879639,0.0,54710,49417,59254,55394
225207,1.034818172454834,0.0,54290,51107,59744,53569
225307,1.0394015312194824,0.0,52304,51123,60220,54850
225407,1.036303162574768,0.0,53818,51283,59342,53837
225507,1.0279724597930908,0.0,53546,50419,59680,52793
225607,1.0095986127853394,0.0,53830,50190,59247,54080
225707,1.0502876043319702,0.0,53765,52931,59321,51427
225807,1.0258121490478516,0.0,52818,49944,59254,54788
225907,1.039351463317871,0.0,54356,50948,59117,54806
226007,1.0459150075912476,0.0,53263,50722,59486,54556
226107,1.031794548034668,0.0,55374,52030,58858,53237
226207,1.0424379110336304,0.0,52224,50272,59786,55221
226307,1.0090258121490479,0.0,52489,48692,56229,50920
226407,0.9237175583839417,0.0,50317,48779,55890,50491
226507,0.9581239819526672,0.0,50755,49097,56204,52336
226607,0.971555233001709,0.0,51211,50295,56033,50323
226707,0.9464097619056702,0.0,50761,47097,55794,51982
226807,0.9619736075401306,0.0,51124,48750,56335,51750
226907,0.9545342922210693,0.0,50113,45051,57062,54312
227007,0.9702829718589783,0.0,51335,48937,56473,51534
227107,0.9714144468307495,0.0,51337,49552,56355,50412
227207,0.9846338033676147,0.0,51664,47781,56635,52300
227307,0.9930453896522522,0.0,50868,49517,56661,51911
227407,0.996582567691803,0.0,53790,52134,58558,54100
227507,1.0146375894546509,0.0,56299,53505,60569,57025
227607,1.1031757593154907,0.0,56969,56606,61952,58100
227707,1.1115802526474,0.0,56675,54707,61850,59277
227807,1.1477032899856567,0.0,57383,55199,61648,57719
227907,1.0972105264663696,0.0,56933,55295,61648,56291
228007,1.0992811918258667,0.0,56828,52918,61247,56576
228107,1.0852144956588745,0.0,57452,54740,61347,54531
228207,1.0791679620742798,0.0,58214,53504,61347,55879
228307,1.0670030117034912,0.0,57246,53811,61048,55812
228407,1.0792498588562012,0.0,57918,53718,61347,56461
228507,1.068132758140564,0.0,57636,52622,60389,54379
228607,1.06862473487854,0.0,56508,54462,59747,53736
228707,1.0249385833740234,0.0,55345,53578,59821,55299
228807,1.0249100923538208,0.0,56570,53293,59378,55209
228907,1.0392956733703613,0.0,54892,52564,58988,53902
229007,1.0201650857925415,0.0,54345,52108,59533,54345
229107,0.9602959156036377,0.0,54615,52839,59593,52820
229207,0.9975019693374634,0.0,55298,52613,59239,53397
229307,1.0151010751724243,0.0,54926,52235,59758,52717
229407,1.0210504531860352,0.0,55070,51064,59314,54464
229507,0.9963328838348389,0.0,54006,52420,59718,54063
229607,1.0298233032226562,0.0,54033,52536,58859,54205
229707,0.9965054392814636,0.0,54421,52940,59165,53741
229807,0.9966700673103333,0.0,51271,46233,54958,51444
229907,0.8866441249847412,0.0,46857,45874,50966,45504
230007,0.8169558644294739,0.0,46485,44835,50744,46832
230107,0.7287551760673523,0.0,43538,41054,47630,44458
230207,0.7498785257339478,0.0,44201,41245,45933,43269
230307,0.7154383659362793,0.0,44669,41000,46536,43694
230407,0.7631210088729858,0.0,44724,40644,47861,45823
230507,0.8087894916534424,0.0,46047,42990,46786,43805
230607,0.8760371208190918,0.0,47406,44111,52486,50944
230707,0.8981420993804932,0.0,52434,49831,56002,54296
230807,0.9505173563957214,0.0,52428,49677,55411,53119
230907,0.9835798740386963,0.0,50103,46970,57836,53085
231007,0.9440937042236328,0.0,56050,50339,54852,46182
231107,0.942912757396698,0.0,48274,43839,59411,51340
231207,0.8992735147476196,0.0,56255,42548,57670,45069
231307,1.9784495830535889,0.0,56656,58398,26723,48720
231407,0.7405138611793518,0.0,41424,57882,48493,53051
231507,0.8899485468864441,0.0,45323,45292,43423,55295
231607,0.8743666410446167,0.0,43314,50908,46565,43242
231707,0.8580761551856995,0.0,46978,44511,46029,48328
231807,0.7746355533599854,0.0,46481,47498,47027,44304
231907,0.869874894618988,0.0,46841,46057,50005,45025
232007,0.8815256357192993,0.0,48595,44109,50167,44189
232107,0.9041231274604797,0.0,40806,44544,53779,46156
232207,0.9134930968284607,0.0,52553,46889,49793,49247
232307,0.9955620169639587,0.0,57357,59140,62362,57129
232407,1.154534935951233,0.0,59742,56829,62570,57972
232507,1.2194989919662476,0.0,60567,58678,62883,55377
232607,1.1316925287246704,0.0,57967,54031,61447,56933
232707,1.0772992372512817,0.0,61470,57622,62466,57003
232807,1.1436488628387451,0.0,63377,58582,63519,59092
232907,1.1033825874328613,0.0,56881,56065,59481,51365
233007,1.0362250804901123,0.0,55162,52990,55000,52477
233107,1.002974271774292,0.0,54643,49963,55937,55611
233207,0.979170560836792,0.0,54831,54050,56459,53416
233307,0.9628463387489319,0.0,55053,51569,56982,55879
233407,0.9805126190185547,0.0,55767,53900,56764,53696
233507,0.9977097511291504,0.0,54664,52073,56501,53893
233607,1.0140039920806885,0.0,54828,53648,56351,51949
233707,0.9501578211784363,0.0,55837,53352,56245,52389
233807,0.9997644424438477,0.0,55530,51157,56590,54743
233907,0.9924185872077942,0.0,54924,52893,56961,53002
234007,0.9793161749839783,0.0,55030,52398,57090,53193
234107,0.9960824251174927,0.0,53802,51941,57580,53498
234207,0.9876898527145386,0.0,54218,51546,57291,53447
234307,0.9560863375663757,0.0,52845,50725,54633,48768
234407,0.9214776158332825,0.0,51070,47053,52128,49494
234507,0.8543428182601929,0.0,49090,47062,53342,50669
234607,0.8899914622306824,0.0,50327,47100,52582,49705
234707,0.9328662157058716,0.0,49009,47527,53857,49696
234807,0.9196829199790955,0.0,50529,47685,53098,49639
234907,0.9006080627441406,0.0,50175,48888,53060,48567
235007,0.8608753681182861,0.0,43467,37307,47857,48198
235107,0.7153160572052002,0.0,41514,37221,40201,38550
235207,0.6998963356018066,0.0,39295,38571,42294,37771
235307,0.6938004493713379,0.0,41255,36375,40732,42374
235407,0.7118003368377686,0.0,41374,35606,43149,45428
235507,0.6965653300285339,0.0,43448,39039,46199,45495
235607,0.7207654714584351,0.0,49586,33980,45397,46734
235707,0.7320663928985596,0.0,41584,46799,55632,28245
235807,0.6936581134796143,0.0,51088,35465,51413,39134
235907,0.6891269683837891,0.0,41858,34540,57071,25571
236007,7.458001136779785,0.0,51205,0,51205,56857
236107,0.7385791540145874,0.0,11850,57267,8254,58580
236207,0.7584453225135803,0.0,29677,57977,0,58580
236307,0.7354766726493835,0.0,6576,54967,13083,57507
236407,2.3227689266204834,0.0,28780,59039,28780,32839
236507,0.7379738688468933,0.0,46488,57345,22410,50776
236607,0.9044860601425171,0.0,35512,37886,59422,45852
236707,0.893936812877655,0.0,43833,48535,41028,50768
236807,1.112015724182129,0.0,28906,40978,57678,49694
236907,1.0209403038024902,0.0,0,0,0,0
237007,0.964063823223114,0.0,0,0,0,0
237107,0.9199568629264832,0.0,0,0,0,0
237207,1.0392159223556519,0.0,0,0,0,0
237307,0.978876531124115,0.0,0,0,0,0
237407,1.015434980392456,0.0,0,0,0,0
237507,1.0280252695083618,0.0,0,0,0,0
237607,1.0046206712722778,0.0,0,0,0,0
237707,1.0040897130966187,0.0,0,0,0,0
237807,0.9992430210113525,0.0,0,0,0,0
237907,1.0063893795013428,0.0,0,0,0,0
238007,1.0053014755249023,0.0,0,0,0,0
238107,0.9995992183685303,0.0,0,0,0,0
238207,0.9967878460884094,0.0,0,0,0,0
238307,0.999819278717041,0.0,0,0,0,0
238407,1.0016340017318726,0.0,0,0,0,0
238507,1.0003455877304077,0.0,0,0,0,0
238607,1.001071572303772,0.0,0,0,0,0
238707,1.0000160932540894,0.0,0,0,0,0
238807,1.000038504600525,0.0,0,0,0,0
238907,0.9986425638198853,0.0,0,0,0,0
239007,0.9998763203620911,0.0,0,0,0,0
239107,1.0011115074157715,0.0,0,0,0,0
239207,0.999523401260376,0.0,0,0,0,0
239307,1.0014705657958984,0.0,0,0,0,0
239407,0.9988828897476196,0.0,0,0,0,0
239507,1.0001540184020996,0.0,0,0,0,0
239607,1.0010147094726562,0.0,0,0,0,0
239707,1.0004222393035889,0.0,0,0,0,0
239807,1.0003300905227661,0.0,0,0,0,0
239907,1.000178337097168,0.0,0,0,0,0
240007,1.0014413595199585,0.0,0,0,0,0
240107,1.0007264614105225,0.0,0,0,0,0
240207,1.0009151697158813,0.0,0,0,0,0
240307,1.0015637874603271,0.0,0,0,0,0
240407,1.0000758171081543,0.0,0,0,0,0
240507,1.0025627613067627,0.0,0,0,0,0
240607,1.000920057296753,0.0,0,0,0,0
240707,0.9986645579338074,0.0,0,0,0,0
240807,1.0003169775009155,0.0,0,0,0,0
240907,0.9985244870185852,0.0,0,0,0,0
241007,1.0005278587341309,0.0,0,0,0,0
241107,1.00186288356781,0.0,0,0,0,0
241207,1.0030841827392578,0.0,0,0,0,0
241307,1.0014537572860718,0.0,0,0,0,0
241407,1.000550627708435,0.0,0,0,0,0
241507,0.9998703002929688,0.0,0,0,0,0
241607,0.9996286034584045,0.0,0,0,0,0
241707,1.0003705024719238,0.0,0,0,0,0
241807,1.0016474723815918,0.0,0,0,0,0
241907,1.0010617971420288,0.0,0,0,0,0
242007,0.9992906451225281,0.0,0,0,0,0
242107,1.002356767654419,0.0,0,0,0,0
242207,1.0000442266464233,0.0,0,0,0,0
242307,0.9994980096817017,0.0,0,0,0,0
242407,1.0014513731002808,0.0,0,0,0,0
242507,1.00151526927948,0.0,0,0,0,0
242607,0.9989581108093262,0.0,0,0,0,0
242707,1.0016756057739258,0.0,0,0,0,0
242807,0.9973074197769165,0.0,0,0,0,0
242907,0.9997128248214722,0.0,0,0,0,0
243007,1.0023348331451416,0.0,0,0,0,0
243107,0.9987098574638367,0.0,0,0,0,0
243207,0.9994747042655945,0.0,0,0,0,0
243307,1.0015159845352173,0.0,0,0,0,0
243407,1.000176191329956,0.0,0,0,0,0
243507,1.0011229515075684,0.0,0,0,0,0
243607,1.0004653930664062,0.0,0,0,0,0
243707,0.9996963143348694,0.0,0,0,0,0
243807,1.000548243522644,0.0,0,0,0,0
243907,1.0023361444473267,0.0,0,0,0,0
244007,0.9996464252471924,0.0,0,0,0,0
244107,1.0002906322479248,0.0,0,0,0,0
244207,0.9993500709533691,0.0,0,0,0,0
244307,1.0018751621246338,0.0,0,0,0,0
244407,1.0016627311706543,0.0,0,0,0,0
244507,0.9999172687530518,0.0,0,0,0,0
244607,1.0034334659576416,0.0,0,0,0,0
244707,1.0000845193862915,0.0,0,0,0,0
244807,1.0004475116729736,0.0,0,0,0,0
244907,1.0007193088531494,0.0,0,0,0,0
245007,1.0019023418426514,0.0,0,0,0,0
245107,1.0006699562072754,0.0,0,0,0,0
245207,0.9997704029083252,0.0,0,0,0,0
245307,1.0015718936920166,0.0,0,0,0,0
245407,0.997052788734436,0.0,0,0,0,0
245507,1.0026863813400269,0.0,0,0,0,0
245607,0.9972884058952332,0.0,0,0,0,0
245707,1.0007729530334473,0.0,0,0,0,0
245807,1.0002020597457886,0.0,0,0,0,0
245907,0.9980977177619934,0.0,0,0,0,0
246007,1.0017149448394775,0.0,0,0,0,0
246107,0.9991632103919983,0.0,0,0,0,0
246207,0.9992203712463379,0.0,0,0,0,0
246307,0.9995386600494385,0.0,0,0,0,0
246407,1.0007838010787964,0.0,0,0,0,0
246507,0.9996334910392761,0.0,0,0,0,0
246607,0.9989583492279053,0.0,0,0,0,0
246707,1.0011303424835205,0.0,0,0,0,0
246807,1.0014070272445679,0.0,0,0,0,0
246907,0.9989789724349976,0.0,0,0,0,0
247007,1.0002073049545288,0.0,0,0,0,0
247107,0.9989570379257202,0.0,0,0,0,0
247207,1.0014407634735107,0.0,0,0,0,0
247307,1.0009794235229492,0.0,0,0,0,0
247407,0.9998650550842285,0.0,0,0,0,0
247507,0.9999178647994995,0.0,0,0,0,0
247607,0.9987106919288635,0.0,0,0,0,0
247707,1.0016509294509888,0.0,0,0,0,0
247807,1.0004334449768066,0.0,0,0,0,0
247907,1.0021966695785522,0.0,0,0,0,0
248007,1.001471757888794,0.0,0,0,0,0
248107,0.998752236366272,0.0,0,0,0,0
248207,1.001603603363037,0.0,0,0,0,0
248307,1.000272512435913,0.0,0,0,0,0
248407,0.9998619556427002,0.0,0,0,0,0
248507,1.001288890838623,0.0,0,0,0,0
248607,1.0022245645523071,0.0,0,0,0,0
248707,0.9993264675140381,0.0,0,0,0,0
248807,1.0001583099365234,0.0,0,0,0,0
248907,0.9995158910751343,0.0,0,0,0,0
249007,1.0010701417922974,0.0,0,0,0,0
249107,1.0014060735702515,0.0,0,0,0,0
249207,0.9996466636657715,0.0,0,0,0,0
249307,0.9998998045921326,0.0,0,0,0,0
249407,1.0001918077468872,0.0,0,0,0,0
249507,1.002211570739746,0.0,0,0,0,0
249607,0.9981665015220642,0.0,0,0,0,0
249707,0.9991170763969421,0.0,0,0,0,0
249807,0.9987519383430481,0.0,0,0,0,0
249907,1.0023810863494873,0.0,0,0,0,0
250007,1.0001341104507446,0.0,0,0,0,0
250107,1.0004525184631348,0.0,0,0,0,0
250207,1.0011966228485107,0.0,0,0,0,0
250307,0.9989140033721924,0.0,0,0,0,0
250407,0.9988614320755005,0.0,0,0,0,0
250507,0.9987180233001709,0.0,0,0,0,0
250607,1.0031369924545288,0.0,0,0,0,0
250707,1.0011879205703735,0.0,0,0,0,0
250807,1.0012304782867432,0.0,0,0,0,0
250907,0.9996289610862732,0.0,0,0,0,0
251007,1.0022987127304077,0.0,0,0,0,0
251107,1.0001033544540405,0.0,0,0,0,0
251207,0.999047577381134,0.0,0,0,0,0
251307,1.0003753900527954,0.0,0,0,0,0
251407,1.0005099773406982,0.0,0,0,0,0
251507,0.9997207522392273,0.0,0,0,0,0
251607,1.0002264976501465,0.0,0,0,0,0
251707,0.9998157620429993,0.0,0,0,0,0
251807,1.001599669456482,0.0,0,0,0,0
251907,0.9985537528991699,0.0,0,0,0,0
252007,0.9999761581420898,0.0,0,0,0,0
252107,0.9972363114356995,0.0,0,0,0,0
252207,1.0026798248291016,0.0,0,0,0,0
252307,1.000093698501587,0.0,0,0,0,0
252407,0.9974968433380127,0.0,0,0,0,0
252507,0.9992151260375977,0.0,0,0,0,0
252607,0.9985435009002686,0.0,0,0,0,0
252707,0.9990959763526917,0.0,0,0,0,0
252807,1.000581979751587,0.0,0,0,0,0
252907,1.0012211799621582,0.0,0,0,0,0
253007,1.0004326105117798,0.0,0,0,0,0
253107,0.9989752173423767,0.0,0,0,0,0
253207,0.9990977048873901,0.0,0,0,0,0
253307,0.9985126852989197,0.0,0,0,0,0
253407,1.0010887384414673,0.0,0,0,0,0
253507,0.9993695616722107,0.0,0,0,0,0
253607,1.001336693763733,0.0,0,0,0,0
253707,0.9994905591011047,0.0,0,0,0,0
253807,0.9998769164085388,0.0,0,0,0,0
253907,0.9982120394706726,0.0,0,0,0,0
254007,1.0009119510650635,0.0,0,0,0,0
254107,0.9975806474685669,0.0,0,0,0,0
254207,1.0015504360198975,0.0,0,0,0,0
254307,1.000245213508606,0.0,0,0,0,0
254407,1.0009653568267822,0.0,0,0,0,0
254507,1.0005731582641602,0.0,0,0,0,0
254607,1.0012069940567017,0.0,0,0,0,0
254707,1.0018393993377686,0.0,0,0,0,0
254807,1.00192391872406,0.0,0,0,0,0
254907,1.0010766983032227,0.0,0,0,0,0
255007,0.9990672469139099,0.0,0,0,0,0
255107,1.0002555847167969,0.0,0,0,0,0
255207,1.0004997253417969,0.0,0,0,0,0
255307,1.0018819570541382,0.0,0,0,0,0
255407,0.9999121427536011,0.0,0,0,0,0
255507,0.9980175495147705,0.0,0,0,0,0
255607,0.9997851848602295,0.0,0,0,0,0
255707,0.9989652037620544,0.0,0,0,0,0
255807,0.9996997117996216,0.0,0,0,0,0
255907,0.9999410510063171,0.0,0,0,0,0
256007,1.0006020069122314,0.0,0,0,0,0
256107,1.0016957521438599,0.0,0,0,0,0
256207,0.9998003840446472,0.0,0,0,0,0
256307,1.0002872943878174,0.0,0,0,0,0
256407,0.9993553161621094,0.0,0,0,0,0
256507,1.0012524127960205,0.0,0,0,0,0
256607,0.998611569404602,0.0,0,0,0,0
256707,1.0021001100540161,0.0,0,0,0,0
256807,1.0015870332717896,0.0,0,0,0,0
256907,1.0010062456130981,0.0,0,0,0,0
257007,0.9977991580963135,0.0,0,0,0,0
257107,0.999467670917511,0.0,0,0,0,0
257207,1.0002392530441284,0.0,0,0,0,0
257307,0.9997677206993103,0.0,0,0,0,0
257407,0.9975123405456543,0.0,0,0,0,0
257507,1.0001420974731445,0.0,0,0,0,0
257607,0.9984554052352905,0.0,0,0,0,0
257707,0.9988283514976501,0.0,0,0,0,0
257807,1.0012906789779663,0.0,0,0,0,0
257907,0.9996747970581055,0.0,0,0,0,0
258007,1.0012091398239136,0.0,0,0,0,0
258107,1.000362515449524,0.0,0,0,0,0
258207,1.0008397102355957,0.0,0,0,0,0
258307,0.9983552098274231,0.0,0,0,0,0
258407,1.001156210899353,0.0,0,0,0,0
258507,1.0006661415100098,0.0,0,0,0,0
258607,0.9975948333740234,0.0,0,0,0,0
258707,1.000147819519043,0.0,0,0,0,0
258807,0.9981219172477722,0.0,0,0,0,0
258907,0.9999300241470337,0.0,0,0,0,0
259007,0.9992376565933228,0.0,0,0,0,0
259107,0.9994065761566162,0.0,0,0,0,0
259207,1.0008354187011719,0.0,0,0,0,0
259307,0.9994112253189087,0.0,0,0,0,0
259407,0.9991591572761536,0.0,0,0,0,0
259507,1.0002954006195068,0.0,0,0,0,0
259607,1.0002213716506958,0.0,0,0,0,0
259707,1.0021358728408813,0.0,0,0,0,0
259807,1.0019211769104004,0.0,0,0,0,0
259907,1.0006554126739502,0.0,0,0,0,0
260007,1.00014328956604,0.0,0,0,0,0
260107,1.0011502504348755,0.0,0,0,0,0
260207,0.9999099373817444,0.0,0,0,0,0
260307,0.9993628263473511,0.0,0,0,0,0
260407,0.9984771609306335,0.0,0,0,0,0
260507,0.9983215928077698,0.0,0,0,0,0
260607,1.0017565488815308,0.0,0,0,0,0
260707,1.001814365386963,0.0,0,0,0,0
260807,1.0032387971878052,0.0,0,0,0,0
260907,1.0004115104675293,0.0,0,0,0,0
261007,0.9988598227500916,0.0,0,0,0,0
261107,1.0009843111038208,0.0,0,0,0,0
261207,0.9995381832122803,0.0,0,0,0,0
261307,1.00123929977417,0.0,0,0,0,0
261407,0.9999583959579468,0.0,0,0,0,0
261507,1.000838041305542,0.0,0,0,0,0
261607,1.0013313293457031,0.0,0,0,0,0
261707,0.9995733499526978,0.0,0,0,0,0
261807,1.002004861831665,0.0,0,0,0,0
261907,1.0016558170318604,0.0,0,0,0,0
262007,1.0008933544158936,0.0,0,0,0,0
262107,1.00045907497406,0.0,0,0,0,0
262207,1.0015844106674194,0.0,0,0,0,0
262307,0.9988675117492676,0.0,0,0,0,0
262407,1.000591516494751,0.0,0,0,0,0
262507,0.9982807040214539,0.0,0,0,0,0
262607,1.0010238885879517,0.0,0,0,0,0
262707,1.0009407997131348,0.0,0,0,0,0
262807,0.9990760087966919,0.0,0,0,0,0
262907,1.0011411905288696,0.0,0,0,0,0
263007,0.9974879026412964,0.0,0,0,0,0
263107,1.0006510019302368,0.0,0,0,0,0
263207,0.9987415075302124,0.0,0,0,0,0
263307,1.000731348991394,0.0,0,0,0,0
263407,0.9982597231864929,0.0,0,0,0,0
263507,1.0002491474151611,0.0,0,0,0,0
263607,1.000837802886963,0.0,0,0,0,0
263707,0.998762845993042,0.0,0,0,0,0
263807,1.0012633800506592,0.0,0,0,0,0
263907,1.0005911588668823,0.0,0,0,0,0
264007,1.0007035732269287,0.0,0,0,0,0
264107,1.0020912885665894,0.0,0,0,0,0
264207,0.9996010065078735,0.0,0,0,0,0
264307,1.0006674528121948,0.0,0,0,0,0
264407,1.0019299983978271,0.0,0,0,0,0
264507,1.0009146928787231,0.0,0,0,0,0
264607,0.9991288781166077,0.0,0,0,0,0
264707,0.9988765120506287,0.0,0,0,0,0
264807,1.0015746355056763,0.0,0,0,0,0
264907,1.00246262550354,0.0,0,0,0,0
265007,1.0019768476486206,0.0,0,0,0,0
265107,0.9983742833137512,0.0,0,0,0,0
265207,0.9979615807533264,0.0,0,0,0,0
265307,1.0019623041152954,0.0,0,0,0,0
265407,0.9978263974189758,0.0,0,0,0,0
265507,0.9986746907234192,0.0,0,0,0,0
265607,0.999697744846344,0.0,0,0,0,0
265707,1.0001764297485352,0.0,0,0,0,0
265807,1.0003564357757568,0.0,0,0,0,0
265907,0.9990141987800598,0.0,0,0,0,0
266007,0.9992398023605347,0.0,0,0,0,0
266107,1.0027682781219482,0.0,0,0,0,0
266207,1.002271056175232,0.0,0,0,0,0
266307,1.0007543563842773,0.0,0,0,0,0
266407,0.9999048709869385,0.0,0,0,0,0
266507,0.9987360239028931,0.0,0,0,0,0
266607,0.9996275305747986,0.0,0,0,0,0
266707,1.0005807876586914,0.0,0,0,0,0
266807,1.000443935394287,0.0,0,0,0,0
266907,1.0003893375396729,0.0,0,0,0,0
267007,1.0018467903137207,0.0,0,0,0,0
267107,1.0024369955062866,0.0,0,0,0,0
267207,0.9982427358627319,0.0,0,0,0,0
267307,1.003491759300232,0.0,0,0,0,0
267407,1.0011332035064697,0.0,0,0,0,0
267507,0.99774169921875,0.0,0,0,0,0
267607,1.0002214908599854,0.0,0,0,0,0
267707,1.001291275024414,0.0,0,0,0,0
267807,0.9980746507644653,0.0,0,0,0,0
267907,1.0017037391662598,0.0,0,0,0,0
268007,0.9995324611663818,0.0,0,0,0,0
268107,1.0004161596298218,0.0,0,0,0,0
268207,0.9987642765045166,0.0,0,0,0,0
268307,0.9999035596847534,0.0,0,0,0,0
268407,0.9994240403175354,0.0,0,0,0,0
268507,0.999620258808136,0.0,0,0,0,0
268607,1.000287652015686,0.0,0,0,0,0
268707,0.9997668862342834,0.0,0,0,0,0
268807,1.0003694295883179,0.0,0,0,0,0
268907,0.9989637136459351,0.0,0,0,0,0
269007,0.9997013211250305,0.0,0,0,0,0
269107,1.0001634359359741,0.0,0,0,0,0
269207,1.0016088485717773,0.0,0,0,0,0
269307,1.001137614250183,0.0,0,0,0,0
269407,0.996988832950592,0.0,0,0,0,0
269507,0.9980765581130981,0.0,0,0,0,0
269607,1.0010623931884766,0.0,0,0,0,0
269707,0.9976288080215454,0.0,0,0,0,0
269807,0.9992550611495972,0.0,0,0,0,0
269907,0.9994922876358032,0.0,0,0,0,0
270007,0.9966815114021301,0.0,0,0,0,0
270107,0.9982932209968567,0.0,0,0,0,0
270207,1.0006427764892578,0.0,0,0,0,0
270307,1.0021418333053589,0.0,0,0,0,0
270407,0.998955488204956,0.0,0,0,0,0
270507,0.9973401427268982,0.0,0,0,0,0
270607,0.9981109499931335,0.0,0,0,0,0
270707,0.9990519881248474,0.0,0,0,0,0
270807,1.00056791305542,0.0,0,0,0,0
270907,0.9977344870567322,0.0,0,0,0,0
271007,0.999942421913147,0.0,0,0,0,0
271107,0.9985616207122803,0.0,0,0,0,0
271207,1.00124990940094,0.0,0,0,0,0
271307,0.999688982963562,0.0,0,0,0,0
271407,0.9985902905464172,0.0,0,0,0,0
271507,0.9998810291290283,0.0,0,0,0,0
271607,1.0000672340393066,0.0,0,0,0,0
271707,1.000306487083435,0.0,0,0,0,0
271807,0.9992092847824097,0.0,0,0,0,0
271907,1.0017033815383911,0.0,0,0,0,0
272007,1.000714898109436,0.0,0,0,0,0
272107,1.0002349615097046,0.0,0,0,0,0
272207,1.0002871751785278,0.0,0,0,0,0
272307,0.9988415241241455,0.0,0,0,0,0
272407,1.0018402338027954,0.0,0,0,0,0
272507,0.9988670945167542,0.0,0,0,0,0
272607,1.0005742311477661,0.0,0,0,0,0
272707,0.9995933771133423,0.0,0,0,0,0
272807,1.0018689632415771,0.0,0,0,0,0
272907,0.9980949759483337,0.0,0,0,0,0
273007,0.9983778595924377,0.0,0,0,0,0
273107,0.9997476935386658,0.0,0,0,0,0
273207,0.9980324506759644,0.0,0,0,0,0
273307,0.999569296836853,0.0,0,0,0,0
273407,1.00059974193573,0.0,0,0,0,0
273507,1.0002684593200684,0.0,0,0,0,0
273607,0.9999148845672607,0.0,0,0,0,0
273707,1.0022830963134766,0.0,0,0,0,0
273807,1.000800371170044,0.0,0,0,0,0
273907,0.9993064999580383,0.0,0,0,0,0
274007,0.9987940788269043,0.0,0,0,0,0
274107,1.0007365942001343,0.0,0,0,0,0
274207,0.9999058246612549,0.0,0,0,0,0
274307,1.0010014772415161,0.0,0,0,0,0
274407,0.9989960193634033,0.0,0,0,0,0
274507,1.0013023614883423,0.0,0,0,0,0
274607,0.9981029629707336,0.0,0,0,0,0
274707,0.9994485378265381,0.0,0,0,0,0
274807,0.9991291165351868,0.0,0,0,0,0
274907,1.0023424625396729,0.0,0,0,0,0
275007,0.9993354678153992,0.0,0,0,0,0
275107,1.0003429651260376,0.0,0,0,0,0
275207,1.0002822875976562,0.0,0,0,0,0
275307,0.9995368123054504,0.0,0,0,0,0
275407,0.9977523684501648,0.0,0,0,0,0
275507,0.9989057779312134,0.0,0,0,0,0
275607,0.999616265296936,0.0,0,0,0,0
275707,1.0010147094726562,0.0,0,0,0,0
275807,1.000718593597412,0.0,0,0,0,0
275907,1.0004541873931885,0.0,0,0,0,0
276007,1.0015408992767334,0.0,0,0,0,0
276107,1.0002309083938599,0.0,0,0,0,0
276207,0.9978533387184143,0.0,0,0,0,0
276307,1.0002299547195435,0.0,0,0,0,0
276407,1.0020121335983276,0.0,0,0,0,0
276507,1.0008761882781982,0.0,0,0,0,0
276607,0.9995366334915161,0.0,0,0,0,0
276707,0.9992024898529053,0.0,0,0,0,0
276807,1.0002769231796265,0.0,0,0,0,0
276907,0.9988781809806824,0.0,0,0,0,0
277007,0.9997889995574951,0.0,0,0,0,0
277107,0.9978688359260559,0.0,0,0,0,0
277207,1.001753568649292,0.0,0,0,0,0
277307,1.002195119857788,0.0,0,0,0,0
277407,0.9987907409667969,0.0,0,0,0,0
277507,1.0001016855239868,0.0,0,0,0,0
277607,0.9980388283729553,0.0,0,0,0,0
277707,1.0008327960968018,0.0,0,0,0,0
277807,1.0005345344543457,0.0,0,0,0,0
277907,1.0035983324050903,0.0,0,0,0,0
278007,0.999416708946228,0.0,0,0,0,0
278107,0.99880051612854,0.0,0,0,0,0
278207,1.0007576942443848,0.0,0,0,0,0
278307,0.9992392659187317,0.0,0,0,0,0
278407,0.9996399879455566,0.0,0,0,0,0
278507,0.9987174868583679,0.0,0,0,0,0
278607,0.9989640712738037,0.0,0,0,0,0
278707,1.0012857913970947,0.0,0,0,0,0
278807,0.9991925358772278,0.0,0,0,0,0
278907,0.9994401335716248,0.0,0,0,0,0
279007,0.9986291527748108,0.0,0,0,0,0
279107,0.999972403049469,0.0,0,0,0,0
279207,0.9999262094497681,0.0,0,0,0,0
279307,0.9992763996124268,0.0,0,0,0,0
279407,0.99871426820755,0.0,0,0,0,0
279507,1.0011566877365112,0.0,0,0,0,0
279607,0.9985103607177734,0.0,0,0,0,0
279707,1.0012019872665405,0.0,0,0,0,0
279807,1.0007829666137695,0.0,0,0,0,0
279907,0.9995031356811523,0.0,0,0,0,0
280007,0.9965649247169495,0.0,0,0,0,0
280107,0.9991453289985657,0.0,0,0,0,0
280207,0.9992503523826599,0.0,0,0,0,0
280307,0.9971857666969299,0.0,0,0,0,0
280407,1.0006035566329956,0.0,0,0,0,0
280507,0.9988265037536621,0.0,0,0,0,0
280607,1.0004267692565918,0.0,0,0,0,0
280707,0.9997774362564087,0.0,0,0,0,0
280807,0.998467743396759,0.0,0,0,0,0
280907,1.0016778707504272,0.0,0,0,0,0
281007,0.9987673759460449,0.0,0,0,0,0
281107,1.0001119375228882,0.0,0,0,0,0
281207,1.0002161264419556,0.0,0,0,0,0
281307,0.999646008014679,0.0,0,0,0,0
281407,1.0010722875595093,0.0,0,0,0,0
281507,0.9985019564628601,0.0,0,0,0,0
281607,1.0007598400115967,0.0,0,0,0,0
281707,0.9995747208595276,0.0,0,0,0,0
281807,0.9998544454574585,0.0,0,0,0,0
281907,0.9991235136985779,0.0,0,0,0,0
282007,0.9967790246009827,0.0,0,0,0,0
282107,1.0005642175674438,0.0,0,0,0,0
282207,0.996925950050354,0.0,0,0,0,0
282307,0.9992864727973938,0.0,0,0,0,0
282407,1.0005310773849487,0.0,0,0,0,0
282507,1.0004786252975464,0.0,0,0,0,0
282607,0.999813973903656,0.0,0,0,0,0
282707,0.9991475343704224,0.0,0,0,0,0
282807,1.0000710487365723,0.0,0,0,0,0
282907,1.0010939836502075,0.0,0,0,0,0
283007,0.9987635016441345,0.0,0,0,0,0
283107,1.000337839126587,0.0,0,0,0,0
283207,0.999308705329895,0.0,0,0,0,0
283307,0.9983558058738708,0.0,0,0,0,0
283407,0.9985080361366272,0.0,0,0,0,0
283507,1.0005004405975342,0.0,0,0,0,0
283607,0.9968825578689575,0.0,0,0,0,0
283707,1.0006542205810547,0.0,0,0,0,0
283807,0.9994416236877441,0.0,0,0,0,0
283907,1.00136137008667,0.0,0,0,0,0
284007,1.0012387037277222,0.0,0,0,0,0
284107,1.0023771524429321,0.0,0,0,0,0
284207,1.000130295753479,0.0,0,0,0,0
284307,0.9996638894081116,0.0,0,0,0,0
284407,0.9985652565956116,0.0,0,0,0,0
284507,1.0013364553451538,0.0,0,0,0,0
284607,1.000817894935608,0.0,0,0,0,0
284707,1.0009562969207764,0.0,0,0,0,0
284807,1.0018625259399414,0.0,0,0,0,0
284907,1.000317931175232,0.0,0,0,0,0
285007,0.9992964267730713,0.0,0,0,0,0
285107,0.9999329447746277,0.0,0,0,0,0
285207,0.9987438321113586,0.0,0,0,0,0
285307,1.0000851154327393,0.0,0,0,0,0
285407,1.0014293193817139,0.0,0,0,0,0
285507,1.0000025033950806,0.0,0,0,0,0
285607,0.9984562397003174,0.0,0,0,0,0
285707,1.00070321559906,0.0,0,0,0,0
285807,1.0003068447113037,0.0,0,0,0,0
285907,1.0000323057174683,0.0,0,0,0,0
286007,0.9984784722328186,0.0,0,0,0,0
286107,0.999614417552948,0.0,0,0,0,0
286207,0.9974504709243774,0.0,0,0,0,0
286307,1.000152349472046,0.0,0,0,0,0
286407,0.9988400936126709,0.0,0,0,0,0
286507,1.0004581212997437,0.0,0,0,0,0
286607,1.0013020038604736,0.0,0,0,0,0
286707,0.998457670211792,0.0,0,0,0,0
286807,0.9998877048492432,0.0,0,0,0,0
286907,1.000430703163147,0.0,0,0,0,0
287007,0.9963610172271729,0.0,0,0,0,0
287107,1.0003705024719238,0.0,0,0,0,0
287207,0.9976750016212463,0.0,0,0,0,0
287307,0.998945415019989,0.0,0,0,0,0
287407,1.0014514923095703,0.0,0,0,0,0
287507,0.9993312358856201,0.0,0,0,0,0
287607,0.9979532361030579,0.0,0,0,0,0
287707,1.0013095140457153,0.0,0,0,0,0
287807,1.0013043880462646,0.0,0,0,0,0
287907,1.0001246929168701,0.0,0,0,0,0
288007,0.9969717264175415,0.0,0,0,0,0
288107,0.9998124837875366,0.0,0,0,0,0
288207,1.0006561279296875,0.0,0,0,0,0
288307,0.9994300603866577,0.0,0,0,0,0
288407,0.9989818930625916,0.0,0,0,0,0
288507,1.0017269849777222,0.0,0,0,0,0
288607,1.0000828504562378,0.0,0,0,0,0
288707,1.0021162033081055,0.0,0,0,0,0
288807,1.000917673110962,0.0,0,0,0,0
288907,1.0020631551742554,0.0,0,0,0,0
289007,0.9982380867004395,0.0,0,0,0,0
289107,1.0000720024108887,0.0,0,0,0,0
289207,0.9985318779945374,0.0,0,0,0,0
289307,0.9988044500350952,0.0,0,0,0,0
289407,1.00032639503479,0.0,0,0,0,0
289507,1.0002106428146362,0.0,0,0,0,0
289607,1.0007299184799194,0.0,0,0,0,0
289707,0.9988126158714294,0.0,0,0,0,0
289807,1.0020776987075806,0.0,0,0,0,0
289907,1.000411033630371,0.0,0,0,0,0
290007,0.9997106790542603,0.0,0,0,0,0
290107,0.9973702430725098,0.0,0,0,0,0
290207,0.9984114170074463,0.0,0,0,0,0
290307,1.000380516052246,0.0,0,0,0,0
290407,1.0004551410675049,0.0,0,0,0,0
290507,0.9995126724243164,0.0,0,0,0,0
290607,0.9980952143669128,0.0,0,0,0,0
290707,0.9990960955619812,0.0,0,0,0,0
290807,0.9992613196372986,0.0,0,0,0,0
290907,0.9994705319404602,0.0,0,0,0,0
291007,0.9996930360794067,0.0,0,0,0,0
291107,1.0016413927078247,0.0,0,0,0,0
291207,1.001657485961914,0.0,0,0,0,0
291307,1.0015214681625366,0.0,0,0,0,0
291407,1.0006510019302368,0.0,0,0,0,0
291507,0.998769223690033,0.0,0,0,0,0
291607,0.9983593225479126,0.0,0,0,0,0
291707,0.9994239211082458,0.0,0,0,0,0
291807,0.998944103717804,0.0,0,0,0,0
291907,0.9974361658096313,0.0,0,0,0,0
292007,0.9990283846855164,0.0,0,0,0,0
292107,1.0025001764297485,0.0,0,0,0,0
292207,0.9994693994522095,0.0,0,0,0,0
292307,1.001491904258728,0.0,0,0,0,0
292407,0.9990339279174805,0.0,0,0,0,0
292507,1.0003302097320557,0.0,0,0,0,0
292607,0.9985787272453308,0.0,0,0,0,0
292707,0.9978273510932922,0.0,0,0,0,0
292807,1.000178575515747,0.0,0,0,0,0
292907,1.0000582933425903,0.0,0,0,0,0
293007,0.9973700046539307,0.0,0,0,0,0
293107,1.0004315376281738,0.0,0,0,0,0
293207,0.9996898770332336,0.0,0,0,0,0
293307,1.0004808902740479,0.0,0,0,0,0
293407,1.0003169775009155,0.0,0,0,0,0
293507,0.9987375736236572,0.0,0,0,0,0
293607,0.999370276927948,0.0,0,0,0,0
293707,0.9994913935661316,0.0,0,0,0,0
293807,0.9986802935600281,0.0,0,0,0,0
293907,1.0015949010849,0.0,0,0,0,0
294007,0.9988757371902466,0.0,0,0,0,0
294107,0.9986446499824524,0.0,0,0,0,0
294207,1.0027978420257568,0.0,0,0,0,0
294307,0.9982563853263855,0.0,0,0,0,0
294407,1.000852108001709,0.0,0,0,0,0
294507,0.999657392501831,0.0,0,0,0,0
294607,0.9966956973075867,0.0,0,0,0,0
294707,1.0003691911697388,0.0,0,0,0,0
294807,1.0008480548858643,0.0,0,0,0,0
294907,0.9981939792633057,0.0,0,0,0,0
295007,0.9966285228729248,0.0,0,0,0,0
295107,0.9990422129631042,0.0,0,0,0,0
295207,0.9974969029426575,0.0,0,0,0,0
295307,1.0002299547195435,0.0,0,0,0,0
295407,0.9979283213615417,0.0,0,0,0,0
295507,0.997431218624115,0.0,0,0,0,0
295607,1.0002540349960327,0.0,0,0,0,0
295707,0.9975386261940002,0.0,0,0,0,0
295807,0.9990338087081909,0.0,0,0,0,0
295907,1.0000451803207397,0.0,0,0,0,0
296007,1.000614881515503,0.0,0,0,0,0
296107,1.0013028383255005,0.0,0,0,0,0
296207,0.9991818070411682,0.0,0,0,0,0
296307,0.998492956161499,0.0,0,0,0,0
296407,1.000494360923767,0.0,0,0,0,0
296507,1.0004544258117676,0.0,0,0,0,0
296607,0.9991326928138733,0.0,0,0,0,0
296707,0.9993239045143127,0.0,0,0,0,0
296807,1.0043959617614746,0.0,0,0,0,0
296907,1.000754952430725,0.0,0,0,0,0
297007,1.0006122589111328,0.0,0,0,0,0
297107,0.9981492757797241,0.0,0,0,0,0
297207,0.9986113905906677,0.0,0,0,0,0
297307,1.0004395246505737,0.0,0,0,0,0
297407,1.0006650686264038,0.0,0,0,0,0
297507,1.0027410984039307,0.0,0,0,0,0
297607,1.0028128623962402,0.0,0,0,0,0
297707,0.9998114705085754,0.0,0,0,0,0
297807,1.0007261037826538,0.0,0,0,0,0
297907,0.9985619783401489,0.0,0,0,0,0
298007,0.9977924227714539,0.0,0,0,0,0
298107,0.9976673126220703,0.0,0,0,0,0
298207,1.0003936290740967,0.0,0,0,0,0
298307,1.0001040697097778,0.0,0,0,0,0
298407,0.9990243315696716,0.0,0,0,0,0
298507,0.9988495707511902,0.0,0,0,0,0
298607,0.9985723495483398,0.0,0,0,0,0
298707,1.00262451171875,0.0,0,0,0,0
298807,1.001068353652954,0.0,0,0,0,0
298907,0.9987479448318481,0.0,0,0,0,0
299007,0.9983685612678528,0.0,0,0,0,0
299107,0.9998873472213745,0.0,0,0,0,0
299207,0.9991086721420288,0.0,0,0,0,0
299307,0.999291181564331,0.0,0,0,0,0
299407,1.0001658201217651,0.0,0,0,0,0
299507,0.9993980526924133,0.0,0,0,0,0
299607,0.9986732602119446,0.0,0,0,0,0
299707,0.9962584972381592,0.0,0,0,0,0
299807,0.9984205365180969,0.0,0,0,0,0
299907,0.9991760849952698,0.0,0,0,0,0
300007,0.9985760450363159,0.0,0,0,0,0
300107,1.002532958984375,0.0,0,0,0,0
300207,1.0007840394973755,0.0,0,0,0,0
300307,1.0019874572753906,0.0,0,0,0,0
300407,0.999501645565033,0.0,0,0,0,0
300507,0.9991213083267212,0.0,0,0,0,0
300607,0.9973205924034119,0.0,0,0,0,0
300707,0.9973790049552917,0.0,0,0,0,0
300807,0.9995259046554565,0.0,0,0,0,0
300907,0.9993787407875061,0.0,0,0,0,0
301007,0.998477041721344,0.0,0,0,0,0
301107,1.0016720294952393,0.0,0,0,0,0
301207,0.9980453252792358,0.0,0,0,0,0
301307,1.0001708269119263,0.0,0,0,0,0
301407,0.9992102384567261,0.0,0,0,0,0
301507,1.0000200271606445,0.0,0,0,0,0
301607,0.9997187852859497,0.0,0,0,0,0
301707,0.9991591572761536,0.0,0,0,0,0
301807,0.9998530149459839,0.0,0,0,0,0
301907,1.0008684396743774,0.0,0,0,0,0
302007,0.9975523352622986,0.0,0,0,0,0
302107,1.0006266832351685,0.0,0,0,0,0
302207,0.9979971051216125,0.0,0,0,0,0
302307,1.0002243518829346,0.0,0,0,0,0
302407,1.0003303289413452,0.0,0,0,0,0
302507,0.9996744394302368,0.0,0,0,0,0
302607,0.999396800994873,0.0,0,0,0,0
302707,1.0033938884735107,0.0,0,0,0,0
302807,0.9974479079246521,0.0,0,0,0,0
302907,1.0011290311813354,0.0,0,0,0,0
303007,1.0012450218200684,0.0,0,0,0,0
303107,0.9996592998504639,0.0,0,0,0,0
303207,0.9984962344169617,0.0,0,0,0,0
303307,1.000083327293396,0.0,0,0,0,0
303407,0.9988006353378296,0.0,0,0,0,0
303507,0.9988565444946289,0.0,0,0,0,0
303607,0.9973553419113159,0.0,0,0,0,0
303707,0.9993228316307068,0.0,0,0,0,0
303807,0.9990121722221375,0.0,0,0,0,0
303907,1.0003372430801392,0.0,0,0,0,0
304007,0.9983909726142883,0.0,0,0,0,0
304107,1.0002424716949463,0.0,0,0,0,0
304207,0.9999280571937561,0.0,0,0,0,0
304307,0.9994580149650574,0.0,0,0,0,0
304407,0.9977845549583435,0.0,0,0,0,0
304507,0.998659074306488,0.0,0,0,0,0
304607,0.9992014765739441,0.0,0,0,0,0
304707,1.002516269683838,0.0,0,0,0,0
304807,1.000890851020813,0.0,0,0,0,0
304907,0.9997263550758362,0.0,0,0,0,0
305007,0.9977996945381165,0.0,0,0,0,0
305107,0.9966134428977966,0.0,0,0,0,0
305207,0.9987020492553711,0.0,0,0,0,0
305307,1.0004955530166626,0.0,0,0,0,0
305407,1.0000050067901611,0.0,0,0,0,0
305507,0.9988611340522766,0.0,0,0,0,0
305607,0.9985064268112183,0.0,0,0,0,0
305707,1.0002763271331787,0.0,0,0,0,0
305807,0.9978451132774353,0.0,0,0,0,0
305907,1.0005035400390625,0.0,0,0,0,0
306007,1.0018879175186157,0.0,0,0,0,0
306107,1.000967025756836,0.0,0,0,0,0
306207,1.000577449798584,0.0,0,0,0,0
306307,1.0014452934265137,0.0,0,0,0,0
306407,0.9982119202613831,0.0,0,0,0,0
306507,0.9967095851898193,0.0,0,0,0,0
306607,1.0008329153060913,0.0,0,0,0,0
306707,0.9993681311607361,0.0,0,0,0,0
306807,1.0009839534759521,0.0,0,0,0,0
306907,0.9993647933006287,0.0,0,0,0,0
307007,1.000044345855713,0.0,0,0,0,0
307107,1.0000921487808228,0.0,0,0,0,0
307207,0.9996464848518372,0.0,0,0,0,0
307307,0.9998804926872253,0.0,0,0,0,0
307407,1.0003641843795776,0.0,0,0,0,0
307507,0.9996265769004822,0.0,0,0,0,0
307607,1.0008485317230225,0.0,0,0,0,0
307707,0.9980304837226868,0.0,0,0,0,0
307807,0.9993295669555664,0.0,0,0,0,0
307907,1.0014089345932007,0.0,0,0,0,0
308007,0.998866081237793,0.0,0,0,0,0
308107,0.9988067746162415,0.0,0,0,0,0
308207,0.9983108639717102,0.0,0,0,0,0
308307,1.001987099647522,0.0,0,0,0,0
308407,0.9996137022972107,0.0,0,0,0,0
308507,0.998805046081543,0.0,0,0,0,0
308607,1.0002719163894653,0.0,0,0,0,0
308707,1.000229835510254,0.0,0,0,0,0
308807,0.9984373450279236,0.0,0,0,0,0
308907,1.0001598596572876,0.0,0,0,0,0
309007,0.9994158148765564,0.0,0,0,0,0
309107,0.9997103214263916,0.0,0,0,0,0
309207,0.9977824687957764,0.0,0,0,0,0
309307,1.0006680488586426,0.0,0,0,0,0
309407,1.0021114349365234,0.0,0,0,0,0
309507,0.9977219104766846,0.0,0,0,0,0
309607,0.9976665377616882,0.0,0,0,0,0
309707,0.9988512992858887,0.0,0,0,0,0
309807,0.9998519420623779,0.0,0,0,0,0
309907,1.0000483989715576,0.0,0,0,0,0
310007,0.9983483552932739,0.0,0,0,0,0
310107,1.000938057899475,0.0,0,0,0,0
310207,0.9987298846244812,0.0,0,0,0,0
310307,0.9954107403755188,0.0,0,0,0,0
310407,0.998659610748291,0.0,0,0,0,0
310507,0.9985061883926392,0.0,0,0,0,0
310607,0.9989851713180542,0.0,0,0,0,0
310707,0.9998524188995361,0.0,0,0,0,0
310807,0.9984643459320068,0.0,0,0,0,0
310907,1.0017729997634888,0.0,0,0,0,0
311007,1.000922441482544,0.0,0,0,0,0
311107,1.00006902217865,0.0,0,0,0,0
311207,1.0000375509262085,0.0,0,0,0,0
311307,0.9989157319068909,0.0,0,0,0,0
311407,0.9996811747550964,0.0,0,0,0,0
311507,0.999421238899231,0.0,0,0,0,0
311607,1.0001510381698608,0.0,0,0,0,0
311707,1.00062096118927,0.0,0,0,0,0
311807,1.0000592470169067,0.0,0,0,0,0
311907,0.9997807145118713,0.0,0,0,0,0
312007,1.0017223358154297,0.0,0,0,0,0
312107,0.9985822439193726,0.0,0,0,0,0
312207,0.998247504234314,0.0,0,0,0,0
312307,0.9997376799583435,0.0,0,0,0,0
312407,0.9996218681335449,0.0,0,0,0,0
312507,0.9999345541000366,0.0,0,0,0,0
312607,0.9993601441383362,0.0,0,0,0,0
312707,1.0001370906829834,0.0,0,0,0,0
312807,0.9996100068092346,0.0,0,0,0,0
312907,1.000195860862732,0.0,0,0,0,0
313007,0.9992891550064087,0.0,0,0,0,0
313107,0.999500572681427,0.0,0,0,0,0
313207,1.0003443956375122,0.0,0,0,0,0
313307,0.9991573691368103,0.0,0,0,0,0
313407,0.999895453453064,0.0,0,0,0,0
313507,1.0003104209899902,0.0,0,0,0,0
313607,0.9989038109779358,0.0,0,0,0,0
313707,0.9984635710716248,0.0,0,0,0,0
313807,0.9986487627029419,0.0,0,0,0,0
313907,0.9993603229522705,0.0,0,0,0,0
314007,1.0005018711090088,0.0,0,0,0,0
314107,0.9984747171401978,0.0,0,0,0,0
314207,1.0011426210403442,0.0,0,0,0,0
314307,0.998133659362793,0.0,0,0,0,0
314407,0.9993785619735718,0.0,0,0,0,0
314507,1.0009441375732422,0.0,0,0,0,0
314607,0.9999700784683228,0.0,0,0,0,0
314707,1.0005273818969727,0.0,0,0,0,0
314807,1.0012235641479492,0.0,0,0,0,0
314907,0.99925696849823,0.0,0,0,0,0
315007,1.0010663270950317,0.0,0,0,0,0
315107,0.9995197057723999,0.0,0,0,0,0
315207,0.9991074800491333,0.0,0,0,0,0
315307,0.9982991814613342,0.0,0,0,0,0
315407,0.9980565309524536,0.0,0,0,0,0
315507,1.0006060600280762,0.0,0,0,0,0
315607,0.9991219639778137,0.0,0,0,0,0
315707,0.9993566274642944,0.0,0,0,0,0
315807,0.9995041489601135,0.0,0,0,0,0
315907,1.0001345872879028,0.0,0,0,0,0
316007,0.9995830059051514,0.0,0,0,0,0
316107,0.999250590801239,0.0,0,0,0,0
316207,0.9973143339157104,0.0,0,0,0,0
316307,1.000018835067749,0.0,0,0,0,0
316407,1.0001583099365234,0.0,0,0,0,0
316507,0.9994840621948242,0.0,0,0,0,0
316607,0.9996381998062134,0.0,0,0,0,0
316707,0.9985504150390625,0.0,0,0,0,0
316807,0.999587893486023,0.0,0,0,0,0
316907,0.9986041188240051,0.0,0,0,0,0
317007,0.9981293082237244,0.0,0,0,0,0
317107,0.9998410940170288,0.0,0,0,0,0
317207,0.9984495639801025,0.0,0,0,0,0
317307,0.9968391060829163,0.0,0,0,0,0
317407,1.000481128692627,0.0,0,0,0,0
317507,1.0012363195419312,0.0,0,0,0,0
317607,0.9989317059516907,0.0,0,0,0,0
317707,0.9972925782203674,0.0,0,0,0,0
317807,1.0003288984298706,0.0,0,0,0,0
317907,0.9996277689933777,0.0,0,0,0,0
318007,0.9993942379951477,0.0,0,0,0,0
318107,1.0003358125686646,0.0,0,0,0,0
318207,1.0013808012008667,0.0,0,0,0,0
318307,0.9984350800514221,0.0,0,0,0,0
318407,0.999056875705719,0.0,0,0,0,0
318507,0.9994888305664062,0.0,0,0,0,0
318607,0.9996288418769836,0.0,0,0,0,0
318707,1.0006794929504395,0.0,0,0,0,0
318807,0.9980295896530151,0.0,0,0,0,0
318907,0.9992890357971191,0.0,0,0,0,0
319007,0.9999504685401917,0.0,0,0,0,0
319107,1.0002139806747437,0.0,0,0,0,0
319207,0.9977912306785583,0.0,0,0,0,0
319307,0.9995070099830627,0.0,0,0,0,0
319407,0.9999732971191406,0.0,0,0,0,0
319507,1.0004650354385376,0.0,0,0,0,0
319607,1.0007308721542358,0.0,0,0,0,0
319707,0.9989358186721802,0.0,0,0,0,0
319807,0.9988827705383301,0.0,0,0,0,0
319907,0.9983357191085815,0.0,0,0,0,0
320007,0.9997429847717285,0.0,0,0,0,0
320107,0.998930811882019,0.0,0,0,0,0
320207,1.0012542009353638,0.0,0,0,0,0
320307,1.00049889087677,0.0,0,0,0,0
320407,1.0006908178329468,0.0,0,0,0,0
320507,0.998552680015564,0.0,0,0,0,0
320607,1.0015639066696167,0.0,0,0,0,0
320707,0.997622013092041,0.0,0,0,0,0
320807,1.0009377002716064,0.0,0,0,0,0
320907,0.9988890886306763,0.0,0,0,0,0
321007,0.9973107576370239,0.0,0,0,0,0
321107,0.9986950755119324,0.0,0,0,0,0
321207,0.9999183416366577,0.0,0,0,0,0
321307,0.9976577758789062,0.0,0,0,0,0
321407,0.9994001984596252,0.0,0,0,0,0
321507,0.9973958134651184,0.0,0,0,0,0
321607,1.0017205476760864,0.0,0,0,0,0
321707,0.9988893866539001,0.0,0,0,0,0
321807,0.9985846877098083,0.0,0,0,0,0
321907,0.9983882904052734,0.0,0,0,0,0
322007,0.9986404180526733,0.0,0,0,0,0
322107,0.9996629357337952,0.0,0,0,0,0
322207,0.9993155002593994,0.0,0,0,0,0
322307,0.9996404051780701,0.0,0,0,0,0
322407,1.0010313987731934,0.0,0,0,0,0
322507,0.9987242221832275,0.0,0,0,0,0
322607,0.9996222853660583,0.0,0,0,0,0
322707,0.9999470710754395,0.0,0,0,0,0
322807,0.9993993639945984,0.0,0,0,0,0
322907,0.9997519850730896,0.0,0,0,0,0
323007,0.9987416863441467,0.0,0,0,0,0
323107,0.9969205260276794,0.0,0,0,0,0
323207,0.9991149306297302,0.0,0,0,0,0
323307,1.0000452995300293,0.0,0,0,0,0
323407,0.9989758729934692,0.0,0,0,0,0
323507,0.9998113512992859,0.0,0,0,0,0
323607,0.9998539686203003,0.0,0,0,0,0
323707,0.99873286485672,0.0,0,0,0,0
323807,0.9977788925170898,0.0,0,0,0,0
323907,0.99853515625,0.0,0,0,0,0
324007,0.9997937083244324,0.0,0,0,0,0
324107,0.9978389143943787,0.0,0,0,0,0
324207,0.9984012246131897,0.0,0,0,0,0
324307,0.9976955056190491,0.0,0,0,0,0
324407,0.9994931221008301,0.0,0,0,0,0
324507,0.9985091090202332,0.0,0,0,0,0
324607,0.9997610449790955,0.0,0,0,0,0
324707,1.0027714967727661,0.0,0,0,0,0
324807,0.9991572499275208,0.0,0,0,0,0
324907,0.9993426203727722,0.0,0,0,0,0
325007,1.001584768295288,0.0,0,0,0,0
325107,0.9998341798782349,0.0,0,0,0,0
325207,1.0001450777053833,0.0,0,0,0,0
325307,0.9984028339385986,0.0,0,0,0,0
325407,0.9973151683807373,0.0,0,0,0,0
325507,1.0007678270339966,0.0,0,0,0,0
325607,1.0001437664031982,0.0,0,0,0,0
325707,0.9984858632087708,0.0,0,0,0,0
325807,0.9993544816970825,0.0,0,0,0,0
325907,0.9998599290847778,0.0,0,0,0,0
326007,0.9997178316116333,0.0,0,0,0,0
326107,0.9986521601676941,0.0,0,0,0,0
326207,0.9988203644752502,0.0,0,0,0,0
326307,1.0005830526351929,0.0,0,0,0,0
326407,1.000788927078247,0.0,0,0,0,0
326507,0.9988176822662354,0.0,0,0,0,0
326607,0.9996716976165771,0.0,0,0,0,0
326707,0.998359203338623,0.0,0,0,0,0
326807,0.9995942711830139,0.0,0,0,0,0
326907,0.9993962645530701,0.0,0,0,0,0
327007,0.9988337755203247,0.0,0,0,0,0
327107,1.0006301403045654,0.0,0,0,0,0
327207,0.998934805393219,0.0,0,0,0,0
327307,1.0002034902572632,0.0,0,0,0,0
327407,0.9972274303436279,0.0,0,0,0,0
327507,1.0007973909378052,0.0,0,0,0,0
327607,1.0010789632797241,0.0,0,0,0,0
327707,0.998354971408844,0.0,0,0,0,0
327807,0.9982396364212036,0.0,0,0,0,0
327907,0.9991471171379089,0.0,0,0,0,0
328007,0.9998887181282043,0.0,0,0,0,0
328107,0.9995481967926025,0.0,0,0,0,0
328207,0.9987401962280273,0.0,0,0,0,0
328307,0.9997676014900208,0.0,0,0,0,0
328407,1.0005226135253906,0.0,0,0,0,0
328507,1.0004966259002686,0.0,0,0,0,0
328607,0.9976986646652222,0.0,0,0,0,0
328707,1.0000345706939697,0.0,0,0,0,0
328807,0.9999357461929321,0.0,0,0,0,0
328907,0.9993337988853455,0.0,0,0,0,0
329007,0.999254584312439,0.0,0,0,0,0
329107,1.0000050067901611,0.0,0,0,0,0
329207,0.9991307258605957,0.0,0,0,0,0
329307,1.0017306804656982,0.0,0,0,0,0
329407,0.9998106360435486,0.0,0,0,0,0
329507,0.9998486042022705,0.0,0,0,0,0
329607,1.0006258487701416,0.0,0,0,0,0
329707,1.000753402709961,0.0,0,0,0,0
329807,0.9983145594596863,0.0,0,0,0,0
329907,0.9977701306343079,0.0,0,0,0,0
330007,0.9987487196922302,0.0,0,0,0,0
330107,0.9988663196563721,0.0,0,0,0,0
330207,1.0004476308822632,0.0,0,0,0,0
330307,0.9995288252830505,0.0,0,0,0,0
330407,0.9983668923377991,0.0,0,0,0,0
330507,0.9986402988433838,0.0,0,0,0,0
330607,1.0001929998397827,0.0,0,0,0,0
330707,0.99998939037323,0.0,0,0,0,0
330807,0.9983755350112915,0.0,0,0,0,0
330907,0.9989326596260071,0.0,0,0,0,0
331007,0.9979978203773499,0.0,0,0,0,0
331107,0.9984406232833862,0.0,0,0,0,0
331207,0.9994884729385376,0.0,0,0,0,0
331307,0.998642086982727,0.0,0,0,0,0
331407,0.9986841082572937,0.0,0,0,0,0
331507,0.9991142749786377,0.0,0,0,0,0
331607,0.9972333312034607,0.0,0,0,0,0
331707,1.0006552934646606,0.0,0,0,0,0
331807,1.0007014274597168,0.0,0,0,0,0
331907,1.0002350807189941,0.0,0,0,0,0
332007,0.9971476197242737,0.0,0,0,0,0
332107,0.9977617263793945,0.0,0,0,0,0
332207,0.9975813031196594,0.0,0,0,0,0
332307,0.9988768100738525,0.0,0,0,0,0
332407,0.9999796152114868,0.0,0,0,0,0
332507,1.0009896755218506,0.0,0,0,0,0
332607,0.9987250566482544,0.0,0,0,0,0
332707,0.9988018870353699,0.0,0,0,0,0
332807,0.998816967010498,0.0,0,0,0,0
332907,1.0012685060501099,0.0,0,0,0,0
333007,1.0017991065979004,0.0,0,0,0,0
333107,0.999920129776001,0.0,0,0,0,0
333207,0.9997316598892212,0.0,0,0,0,0
333307,1.0006247758865356,0.0,0,0,0,0
333407,1.0003674030303955,0.0,0,0,0,0
333507,0.9988604784011841,0.0,0,0,0,0
333607,0.9991670250892639,0.0,0,0,0,0
333707,0.9992512464523315,0.0,0,0,0,0
